{"rollout/ep_len_mean":132.63637,"global_step":2048,"_timestamp":1.7619415332164555e+09,"_step":2,"rollout/ep_rew_mean":-149.99649,"time/fps":1547,"_wandb":{"runtime":10},"_runtime":10}