{"_runtime":11,"_step":2,"rollout/ep_len_mean":130.41667,"global_step":2048,"_timestamp":1.7618446388536062e+09,"rollout/ep_rew_mean":-149.48422,"time/fps":1418,"_wandb":{"runtime":11}}