{"time/fps":1396,"_step":54,"rollout/ep_rew_mean":-132.05432,"train/explained_variance":-0.008752465,"train/loss":166.82277,"train/entropy_loss":-11.298529,"train/clip_range":0.2,"_runtime":15,"_timestamp":1.762378165372728e+09,"train/approx_kl":0.0011518607,"train/clip_fraction":4.8828126e-05,"train/learning_rate":0.0003,"train/std":0.9922322,"_wandb":{"runtime":15},"train/value_loss":335.92523,"global_step":10240,"rollout/ep_len_mean":123.38271,"train/policy_gradient_loss":-0.0038447902}