{"_wandb":{"runtime":10},"_runtime":10,"_step":2,"rollout/ep_len_mean":53.67857,"global_step":2048,"_timestamp":1.7619407934059525e+09,"rollout/ep_rew_mean":-55.103054,"time/fps":1597}