{"_step":2,"rollout/ep_len_mean":51.057144,"rollout/ep_rew_mean":-53.06546,"time/fps":1589,"_wandb":{"runtime":10},"_runtime":10,"global_step":2048,"_timestamp":1.7619407088818336e+09}