{"rollout/ep_rew_mean":-112.19044,"time/fps":1551,"_runtime":10,"_wandb":{"runtime":10},"rollout/ep_len_mean":102.210526,"global_step":2048,"_timestamp":1.7623717371169925e+09,"_step":2}